START TRANSACTION;

USE `Yerothia`;

-- Voeg extra willekeurige e-mailadressen toe aan de tabel `Emails`
INSERT INTO `Emails` (`emailId`, `email`) VALUES
(1, 'yetkin@yerothia.nl'),
(2, 'ronald@yerothia.nl'),
(3, 'thijs@yerothia.nl'),
(4, 'iain@yerothia.nl'),
(5, 'piet@yerothia.nl'),
(6, 'henk@yerothia.nl'),
(7, 'mark.veenstra@degroenevinger.nl'),
(8, 'laura.willems@slimmesolutions.nl'),
(9, 'christiaan.de.ruiter@ambachtelijkeambiance.nl'),
(10, 'jessica.hermans@innovatiehuisnederland.nl'),
(11, 'ruben.hendriks@dekoopmanskamer.nl'),
(12, 'emily.klerk@energiekecosysteem.nl'),
(13, 'jacob.smit@hetcreatiefcollectief.nl'),
(14, 'nora.vermeulen@praktischpartnerschap.nl'),
(15, 'nathan.de.jonge@deambachtelijkeaanpakkers.nl'),
(16, 'femke.de.vries@degroenevinger.nl'),
(17, 'lars.jansen@degroenevinger.nl'),
(18, 'anna.van.dijk@degroenevinger.nl'),
(19, 'marieke.van.schee@trivion.nl'),
(20, 'peter.de.groot@tegelland.nl'),
(21, 'anouk.de.haan@aurorabank.nl'),
(22, 'david.van.der.berg@atlaslogistics.nl'),
(23, 'saskia.visserman@nextsolutions.nl'),
(24, 'eva.de.vos@vitacare.nl'),
(25, 'thomas.van.dam@buwanvastgoed.nl'),
(26, 'linda.de.vries@delta.nl'),
(27, 'martijn.van.leeuwen@vdmmakelaars.nl'),
(28, 'caroline.molenaar@casa.nl'),
(29, 'sebastiaan.prinsen@naviseurope.nl'),
(30, 'tess.giesen@novarishogeschool.nl'),
(31, 'bernhard.meerwijk@eijkmanziekenhuis.nl'),
(32, 'sahra.schuurman@landerijepackaging.nl'),
(33, 'roel.veldstra@farmfresh.nl'),
(34, 'noelle.rietman@nutritio.nl');

-- Voeg extra willekeurige accountgegevens toe aan de tabel `Accounts`
INSERT INTO `Accounts` (`accountId`, `emailId`, `wachtwoord`, `accounttype`) VALUES 
(1, 1, '$2y$10$x6ywruCZgWDopMl3Q9OQAOfAKAxI0s0NfelK2jKZGjRO067oV6IFK', 'Beheerder'), -- Wachtwoord is test
(2, 2, 'wachtwoord', 'Beheerder'),
(3, 3, 'wachtwoord', 'Beheerder'),
(4, 4, 'wachtwoord', 'Beheerder'),
(5, 5, 'wachtwoord', 'Medewerker'),
(6, 6, 'wachtwoord', 'Medewerker'),
(7, 7, '$2y$10$oxYvf9yuvvHtvfAno5D3/unXJIvKhs2L65Y7VhWKU8BWBDa39cBA6', 'Klant'), -- Wachtwoord is yes
(8, 8, '$2y$10$oxYvf9yuvvHtvfAno5D3/unXJIvKhs2L65Y7VhWKU8BWBDa39cBA6', 'Klant'), -- Wachtwoord is yes
(9, 9, 'CRuiter1978', 'Klant'),
(10, 10, 'JHermans1980', 'Klant'),
(11, 11, 'RHendriks1989', 'Klant'),
(12, 12, 'EKlerk1986', 'Klant'),
(13, 13, 'JSmit1972', 'Klant'),
(14, 14, 'NVermeulen1977', 'Klant'),
(15, 15, 'NJonge1988', 'Klant'),
(16, 16, 'FVries1970', 'Klant'),
(17, 17, 'LJansen1963', 'Klant'),
(18, 18, 'ADijk1979', 'Klant'),
(19, 19, 'MSchee1990', 'Klant'),
(20, 20, 'PGroot31', 'Klant'),
(21, 21, 'AHaan1999', 'Klant'),
(22, 22, 'VBerg1984', 'Klant'),
(23, 23, 'VVisserman96', 'Klant'),
(24, 24, 'DVos1998', 'Klant'),
(25, 25, 'VDam1990', 'Klant'),
(26, 26, 'DVries1983', 'Klant'),
(27, 27, 'VLeeuwen5', 'Klant'),
(28, 28, 'MMolenaar2', 'Klant'),
(29, 29, 'SPrinsen200', 'Klant'),
(30, 30, 'TGiesen20', 'Klant'),
(31, 31, 'MMeerwijk11', 'Klant'),
(32, 32, 'SSchuurman05', 'Klant'),
(33, 33, 'RVeldstra88', 'Klant'),
(34, 34, 'NRietman20', 'Klant');

-- Voeg extra willekeurige contactgegevens toe aan de tabel `Contacten`
INSERT INTO `Contacten` (`telefoonnummer`, `contactpersoon`) VALUES 
(0641852963, 'Mark Veenstra'),
(0852963741, 'Laura Willems'),
(0663741852, 'Christiaan de Ruiter'),
(0762196842, 'Jessica Hermans'),
(0202741963, 'Ruben Hendriks'),
(0103852741, 'Emily Klerk'),
(0401963852, 'Jacob Smit'),
(0782741963, 'Nora Vermeulen'),
(0613852741, 'Nathan de Jonge'),
(0638415848, 'Femke de Vries'),
(0699499787, 'Lars Jansen'),
(0649523897, 'Anna van Dijk'),
(0626635552, 'Marieke van Schee'),
(0673273836, 'Peter de Groot'),
(0652767889, 'Anouk de Haan'),
(0634387255, 'David van der Berg'),
(0683533662, 'Saskia Visserman'),
(0673435270, 'Eva de Vos'),
(0656334384, 'Thomas van Dam'),
(0652277362, 'Linda de Vries'),
(0672725897, 'Martijn van Leeuwen'),
(0626655355, 'Caroline Molenaar'),
(0632284481, 'Sebastiaan Prinsen'),
(0654691425, 'Tess Giesen'),
(0678975139, 'Bernhard Meerwijk'),
(0647011167, 'Sahra Schuurman'),
(0675279405, 'Roel Veldstra'),
(0667172423, 'Noelle Rietman');

-- Voeg extra willekeurige klantgegevens toe aan de tabel `Klanten`
INSERT INTO `Klanten` (`klantId`, `kvkNummer`, `accountId`) VALUES 
(40001, 62212699, 7),
(40002, 17103670, 8),
(40003, 30096621, 9),
(40004, 33208311, 10),
(40005, 40341579, 11),
(40006, 59721979, 12),
(40007, 33014286, 13),
(40008, 89238974, 14),
(40009, 77757203, 15),
(40010, 62212699, 16),
(40011, 62212699, 17),
(40012, 62212699, 18),
(40013, 72988347, 19),
(40014, 62402781, 20),
(40015, 14075146, 21),
(40016, 75445387, 22),
(40017, 85560782, 23),
(40018, 87888815, 24),
(40019, 90037383, 25),
(40020, 76919781, 26),
(40021, 56289499, 27),
(40022, 71687793, 28),
(40023, 86239511, 29),
(40024, 53110692, 30),
(40025, 80638449, 31),
(40026, 80392326, 32),
(40027, 30019112, 33),
(40028, 63103338, 34);

-- Voeg extra willekeurige adresgegevens toe aan de tabel `Adressen`
INSERT INTO `Adressen` (`adresId`, `vestigingsnaam`, `postcode`, `huisnummer`, `toevoeging`, `klantId`, `contactId`, `emailId`) VALUES 
(1, 'De Groene Vinger B.V.', '3039CJ', 96, 'D', 40001, 1, 7),
(2, 'Slimme Solutions NL B.V.', '5691LB', 87, NULL, 40002, 2, 8),
(3, 'Ambachtelijke Ambiance B.V.', '9641KJ', 11, NULL, 40003, 3, 9),
(4, 'Innovatiehuis Nederland B.V.', '1503MN', 9, 'C', 40004, 4, 10),
(5, 'De Koopmans Kamer B.V.', '6511NC', 2, 'D', 40005, 5, 11),
(6, 'Energiek Ecosysteem B.V.', '1411AW', 15, 'E', 40006, 6, 12),
(7, 'Het Creatief Collectief B.V.', '5211JX', 77, NULL, 40007, 7, 13),
(8, 'Praktisch Partnerschap B.V.', '7547RD', 370, NULL, 40008, 8, 14),
(9, 'De Ambachtelijke Aanpakkers B.V.', '3454PD', 197, NULL, 40009, 9, 15),
(10, 'De Groene Vinger Breda', '4811AB', 22, NULL, 40010, 10, 16),
(11, 'De Groene Vinger Dordrecht', '3311CC', 11, NULL, 40011, 11, 17),
(12, 'De Groene Vinger Eindhoven', '5611DE', 35, NULL, 40012, 12, 18),
(13, 'Trivion', '1082MG', 8, NULL, 40013, 13, 19),
(14, 'Tegelland', '5049TP', 39, NULL, 40014, 14, 20),
(15, 'Aurora Bank', '1082PP', 10, NULL, 40015, 15, 21),
(16, 'Aurora Bank Groningen', '9712HV', 22, NULL, 40015, 15, 21),
(17, 'Aurora Bank Maastricht', '6221KV', 40, NULL, 40015, 15, 21),
(18, 'Atlas Logistics', '5342LW', 39, NULL, 40016, 16, 22),
(19, 'Next Solutions', '5656AE', 29, NULL, 40017, 17, 23),
(20, 'VitaCare', '1411DD', 7, NULL, 40018, 18, 24),
(21, 'Buwan Vastgoed', '2273DH', 83, NULL, 40019, 19, 25),
(22, 'Delta', '4814RZ', 14, NULL, 40020, 20, 26),
(23, 'VDM Makelaars', '4817ZX', 1, NULL, 40021, 21, 27),
(24, 'Casa', '4827HG', 10, NULL, 40022, 22, 28),
(25, 'Navis Europe', '4791RT', 23, NULL, 40023, 23, 29),
(26, 'Novaris Hogeschool', '5022DE', 229, NULL, 40024, 24, 30),
(27, 'Christiaan Eijkman Ziekenhuis', '3543AZ', 1, NULL, 40025, 25, 31),
(28, 'Landerije Packaging', '4704RG', 10, 'C', 40026, 26, 32),
(29, 'FarmFresh', '8305BJ', 75, 'B', 40027, 27, 33),
(30, 'Nutritio NV', '2712MH', 186, NULL, 40028, 28, 34);

-- Voeg extra willekeurige abonnementsgegevens toe aan de tabel `Abonnementen`
INSERT INTO `Abonnementen` (`abonnementId`, `naam`, `omschrijving`, `omschrijving_en`, `prijs`, `ingangsdatum`, `afsluitdatum`, `abonnementsperiode`, `capaciteit`, `afgesloten`, `adresId`) VALUES 
(1, 'Essentials', 'Essentials abonnement', 'Essentials subscription', 3000.00, '2024-02-10', '2024-01-02', '1 jaar', 50, TRUE, 1),
(2, 'Essentials', 'Essentials abonnement', 'Essentials subscription', 9000.00, '2024-01-20', '2024-01-05', '3 jaar', 50, TRUE, 2),
(3, 'Essentials', 'Essentials abonnement', 'Essentials subscription', 6000.00, '2024-01-15', '2024-01-10', '2 jaar', 50, TRUE, 3),
(4, 'Prestige', 'Prestige abonnement', 'Prestige subscription', 45000.00, '2024-01-23', '2024-01-15', '3 jaar', 250, TRUE, 4),
(5, 'Prestige', 'Prestige abonnement', 'Prestige subscription', 15000.00, '2024-01-25', '2024-01-20', '1 jaar', 250, TRUE, 5),
(6, 'Prestige', 'Prestige abonnement', 'Prestige subscription', 15000.00, '2024-02-05', '2024-02-01', '1 jaar', 250, TRUE, 6),
(7, 'Signature', 'Signature abonnement', 'Signature subscription', 150000.00, '2024-02-10', '2024-02-05', '3 jaar', 1000, TRUE, 7),
(8, 'Signature', 'Signature abonnement', 'Signature subscription', 100000.00, '2024-02-15', '2024-02-10', '2 jaar', 1000, TRUE, 8),
(9, 'Signature', 'Signature abonnement', 'Signature subscription', 100000.00, '2024-02-18', '2024-02-12', '2 jaar', 1000, TRUE, 9),
(10, 'Essentials', 'Essentials abonnement', 'Essentials subscription', 6000.00, '2024-02-20', '2024-02-15', '2 jaar', 50, TRUE, 10),
(11, 'Essentials', 'Essentials abonnement', 'Essentials subscription', 3000.00, '2024-02-25', '2024-02-18', '1 jaar', 50, TRUE, 11),
(12, 'Signature', 'Signature abonnement', 'Signature subscription', 50000.00, '2024-03-03', '2024-03-01', '3 jaar', 1000, TRUE, 14),
(13, 'Prestige', 'Prestige abonnement', 'Prestige subscription', 30000.00, '2024-03-10', '2024-03-05', '2 jaar', 250, TRUE, 15),
(14, 'Prestige', 'Prestige abonnement', 'Prestige subscription', 15000.00, '2024-03-10', '2024-03-05', '1 jaar', 250, TRUE, 16),
(15, 'Prestige', 'Prestige abonnement', 'Prestige subscription', 15000.00, '2024-03-10', '2024-03-05', '1 jaar', 250, TRUE, 17),
(16, 'Prestige', 'Prestige abonnement', 'Prestige subscription', 30000.00, '2024-04-01', '2024-03-15', '2 jaar', 250, TRUE, 18),
(17, 'Essentials', 'Essentials abonnement', 'Essentials subscription', 9000.00, '2024-04-12', '2024-04-05', '3 jaar', 50, TRUE, 21),
(18, 'Prestige', 'Prestige abonnement', 'Prestige subscription', 15000.00, '2024-04-14', '2024-04-08', '1 jaar', 250, TRUE, 23),
(19, 'Signature', 'Signature abonnement', 'Signature subscription', 100000.00, '2024-05-01', '2024-04-27', '2 jaar', 1000, TRUE, 24),
(20, 'Signature', 'Signature abonnement', 'Signature subscription', 50000.00, '2024-05-25', '2024-05-05', '1 jaar', 1000, TRUE, 25),
(21, 'Signature', 'Signature abonnement', 'Signature subscription', 50000.00, '2024-06-01', '2024-05-22', '1 jaar', 1000, TRUE, 27),
(22, 'Signature', 'Signature abonnement', 'Signature subscription', 100000.00, '2024-05-30', '2024-05-25', '2 jaar', 1000, TRUE, 30);

-- Voeg extra willekeurige productgegevens toe aan de tabel `Producten`
INSERT INTO `Producten` (`naam`, `naam_en`, `omschrijving`, `omschrijving_en`, `prijs`, `image`) VALUES 
('AromaBliss', 'AromaBliss', 'Omschrijving van AromaBliss', 'Description of AromaBliss', 795.00, 'Resources/images/aroma_bliss.jpg'),
('FlavorFusion', 'FlavorFusion', 'Omschrijving van FlavorFusion', 'Description of FlavorFusion', 1150.00, 'Resources/images/flavor_fusion.jpg'),
('BaristaTouch', 'BaristaTouch', 'Omschrijving van BaristaTouch', 'Description of BaristaTouch', 1475.00, 'Resources/images/barista_touch.jpg'),
('Yerothia Black', 'Yerothia Black', 'Omschrijving van Yerothia Black', 'Description of Yerothia Black', 10.99, 'Resources/images/Coffee_Blend_Black.png'),
('Yerothia White', 'Yerothia White', 'Omschrijving van Yerothia White', 'Description of Yerothia White', 12.99, 'Resources/images/Coffee_Blend_White.png'),
('Yerothia Gold', 'Yerothia Gold', 'Omschrijving van Yerothia Gold', 'Description of Yerothia Gold', 19.99, 'Resources/images/Coffee_Blend_Gold.png'),
('Koffiemelk', 'Coffee Creamer', 'Omschrijving van Koffiemelk', 'Description of Coffee Creamer', 1.99, 'Resources/images/koffiemelk.jpg'),
('Suiker', 'Sugar', 'Omschrijving van Suiker', 'Description of Sugar', 3.99, 'Resources/images/suiker.jpg'),
('Custom Koffiemokken', 'Custom Coffee Mugs', 'Omschrijving van Custom Koffiemokken', 'Description of Custom Coffee Mugs', 8.99, 'Resources/images/Custom_Koffiemok.jpg');


-- Voeg extra willekeurige factuurgegevens toe aan de tabel `AbbonementsProducten`
INSERT INTO `AbonnementsProducten` (`productId`, `abonnementId`, `aantal`) VALUES 
(1, 1, 1),
(4, 1, 10),
(7, 1, 10),
(8, 1, 10),
(9, 1, 50),
(1, 2, 2),
(4, 2, 15),
(7, 2, 15),
(8, 2, 15),
(1, 3, 2),
(4, 3, 20),
(7, 3, 20),
(8, 3, 20),
(2, 4, 4),
(5, 4, 10),
(7, 4, 10),
(8, 4, 10),
(9, 4, 150),
(2, 5, 5),
(5, 5, 15),
(7, 5, 15),
(8, 5, 15),
(2, 6, 2),
(5, 6, 20),
(7, 6, 20),
(8, 6, 20),
(9, 6, 100),
(3, 7, 3),
(6, 7, 50),
(7, 7, 50),
(8, 7, 50),
(3, 8, 5),
(6, 8, 50),
(7, 8, 50),
(8, 8, 50),
(3, 9, 10),
(6, 9, 100),
(7, 9, 100),
(8, 9, 100),
(1, 10, 3),
(4, 10, 30),
(7, 10, 30),
(8, 10, 30),
(2, 11, 2),
(5, 11, 20),
(7, 11, 20),
(8, 11, 20),
(9, 11, 500),
(3, 12, 8),
(6, 12, 50),
(7, 12, 50),
(8, 12, 50),
(9, 12, 750),
(2, 13, 4),
(5, 13, 50),
(7, 13, 50),
(8, 13, 50),
(2, 14, 4),
(5, 14, 20),
(7, 14, 20),
(8, 14, 20),
(2, 15, 4),
(5, 15, 10),
(7, 15, 10),
(8, 15, 10),
(2, 16, 5),
(5, 16, 50),
(7, 16, 50),
(8, 16, 50),
(1, 17, 3),
(4, 17, 30),
(7, 17, 30),
(8, 17, 30),
(2, 18, 3),
(5, 18, 100),
(7, 18, 100),
(8, 18, 100),
(3, 19, 5),
(6, 19, 50),
(7, 19, 50),
(8, 19, 50),
(3, 20, 20),
(6, 20, 250),
(7, 20, 250),
(8, 20, 250),
(3, 21, 8),
(6, 21, 80),
(7, 21, 80),
(8, 21, 80),
(9, 21, 300),
(3, 22, 10),
(6, 22, 100),
(7, 22, 100),
(8, 22, 100);

-- Voeg extra willekeurige betaalgegevens toe aan de tabel `Betaalgegevens`
INSERT INTO `Betaalgegevens` (`betaalId`, `rekeningnummer`, `betaalmethode`, `betalingstype`, `betaaldatum`) VALUES 
(1, 'NL57ABNA0987654321', 'Creditcard', 'Maandelijks', '2024-03-10'),
(2, 'NL88RABO3456789012', 'iDEAL', 'Eenmalig', '2024-03-05'),
(3, 'NL19INGB6543210987', 'Factuur', 'Eenmalig', '2024-03-03'),
(4, 'NL66SNSB8901234567', 'Creditcard', 'Eenmalig', '2024-03-01'),
(5, 'NL25TRIO5432109876', 'Incasso', 'Maandelijks', '2024-03-20'),
(6, 'NL36ABNA9876543210', 'OpRekening', 'Maandelijks', '2024-03-15'),
(7, 'NL49RABO2109876543', 'iDEAL', 'Eenmalig', '2024-03-12'),
(8, 'NL73INGB7890123456', 'Factuur', 'Eenmalig', '2024-03-08'),
(9, 'NL84SNSB0123456789', 'Incasso', 'Jaarlijks', '2024-03-06'),
(10, 'NL46ABNA8758116443', 'Incasso', 'Eenmalig', '2024-03-06'),
(11, 'NL69RABO8933785434', 'Incasso', 'Jaarlijks', '2024-03-06'),
(12, 'NL17ABNA1049096673', 'Incasso', 'Jaarlijks', '2024-03-06'),
(13, 'NL62INGB2067756052', 'Incasso', 'Jaarlijks', '2024-03-06'),
(14, 'NL59RABO6737738109', 'iDEAL', 'Eenmalig', '2024-03-06'),
(15, 'NL78INGB7209131833', 'Incasso', 'Eenmalig', '2024-03-06'),
(16, 'NL97RABO7977369877', 'Incasso', 'Jaarlijks', '2024-03-06'),
(17, 'NL08INGB5999794323', 'Factuur', 'Eenmalig', '2024-03-06'),
(18, 'NL68ABNA9535416235', 'Incasso', 'Jaarlijks', '2024-03-06'),
(19, 'NL23ABNA7440639480', 'Incasso', 'Jaarlijks', '2024-03-06'),
(20, 'NL67RABO8973442368', 'Incasso', 'Jaarlijks', '2024-03-06'),
(21, 'NL81RABO5028084874', 'iDEAL', 'Eenmalig', '2024-03-06'),
(22, 'NL11ABNA4407512164', 'Incasso', 'Jaarlijks', '2024-03-06'),
(23, 'NL38INGB3643132999', 'Incasso', 'Eenmalig', '2024-03-06'),
(24, 'NL36ABNA5394792070', 'Factuur', 'Eenmalig', '2024-03-06'),
(25, 'NL69INGB9338068110', 'Incasso', 'Jaarlijks', '2024-03-06');

-- Voeg extra willekeurige automatische incassogegevens toe aan de tabel `AutomatischeIncassos`
INSERT INTO `AutomatischeIncassos` (`betaalId`, `abonnementId`, `status`, `incassobedrag`) VALUES 
(1, 1, 'Lopend', 69.99),
(2, 2, 'Betaald', 129.99),
(3, 3, 'Beëindigd', 19.99),
(4, 4, 'Mislukt', 89.99),
(5, 5, 'Geannuleerd', 39.99),
(6, 6, 'Lopend', 179.99),
(7, 7, 'Betaald', 999.99),
(8, 8, 'Beëindigd', 149.99),
(9, 9, 'Mislukt', 59.99),
(10, 10, 'Lopend', 69.99),
(11, 11, 'Lopend', 129.99),
(12, 12, 'Lopend', 19.99),
(14, 13, 'Lopend', 89.99),
(15, 14, 'Lopend', 39.99),
(16, 15, 'Lopend', 179.99),
(16, 16, 'Betaald', 9.99),
(16, 17, 'Lopend', 149.99),
(17, 18, 'Mislukt', 59.99),
(18, 19, 'Lopend', 69.99),
(20, 20, 'Betaald', 129.99),
(22, 21, 'Lopend', 19.99),
(25, 22, 'Lopend', 89.99);

-- Voeg extra willekeurige ordergegevens toe aan de tabel `Orders`
INSERT INTO `Orders` (`orderId`, `status`, `orderdatum`, `adresId`) VALUES 
(1, 'Geleverd', '2024-01-20', 1),
(2, 'Betaald','2024-01-22', 2),
(3, 'Winkelmand', '2024-02-16', 3),
(4, 'Betaald', '2024-02-25', 4),
(5, 'Geleverd', '2024-02-27', 5),
(6, 'Winkelmand', '2024-02-27', 6),
(7, 'Winkelmand', '2024-03-04', 7),
(8, 'Winkelmand', '2024-03-06', 8),
(9, 'Geannuleerd', '2024-03-10', 9),
(10, 'Geleverd', '2024-03-20', 10),
(11, 'Geleverd', '2024-04-02', 11),
(12, 'Geleverd', '2024-04-05', 12),
(13, 'Geleverd', '2024-04-07', 13),
(14, 'Geleverd', '2024-04-18', 19),
(15, 'Geleverd', '2024-05-03', 20),
(16, 'Geleverd', '2024-05-08', 22),
(17, 'Geleverd', '2024-05-12', 26),
(18, 'Geleverd', '2024-05-18', 28),
(19, 'Geleverd', '2024-05-23', 29);

-- Voeg extra willekeurige factuurgegevens toe aan de tabel `Facturen`
INSERT INTO `Facturen` (`adresId`, `betaalId`, `orderId`, `status`) VALUES 
(1, 1, 1, 'Betaald'),
(2, 2, 2, 'Betaald'),
(3, 3, 3, 'Mislukt'),
(4, 4, 4, 'Betaald'),
(5, 5, 5, 'Betaald'),
(6, 6, 6, 'Open'),
(7, 7, 7, 'Vervallen'),
(8, 8, 8, 'Open'),
(9, 9, 9, 'Geannuleerd'),
(1, 1, 10, 'Betaald'),
(1, 1, 11, 'Betaald'),
(1, 1, 12, 'Betaald'),
(13, 10, 13, 'Betaald'),
(19, 14, 14, 'Betaald'),
(20, 15, 15, 'Betaald'),
(22, 17, 16, 'Betaald'),
(26, 21, 17, 'Betaald'),
(28, 23, 18, 'Betaald'),
(29, 24, 19, 'Betaald');

-- Voeg extra willekeurige orderregelgegevens toe aan de tabel `Orderregels`
INSERT INTO `Orderregels` (`orderId`, `productId`, `aantal`) VALUES 
(1, 1, 1),
(2, 2, 1),
(3, 3, 5),
(4, 4, 1),
(5, 5, 1),
(6, 6, 3),
(7, 7, 1),
(8, 8, 10),
(9, 9, 50),
(10, 1, 3),
(11, 1, 3),
(12, 1, 2),
(13, 3, 2),
(14, 2, 1),
(14, 9, 10),
(15, 2, 2),
(16, 3, 5),
(17, 1, 2),
(18, 2, 4),
(19, 3, 2),
(19, 6, 10),
(19, 7, 10),
(19, 8, 10);

-- Voeg extra willekeurige factuurgegevens toe aan de tabel `Retouren`
INSERT INTO `Retouren` (`reden`, `aanvraagdatum`, `retourdatum`, `orderregelId`) VALUES 
('Beschadigd product ontvangen', '2024-03-21', '2024-03-25', 1),
('Verkeerd product ontvangen', '2024-03-20', '2024-03-24', 2),
('Niet zoals verwacht', '2024-03-19', '2024-03-23', 3),
('Te klein', '2024-03-18', '2024-03-22', 4),
('Te groot', '2024-03-17', '2024-03-21', 5),
('Defect bij aankomst', '2024-03-16', '2024-03-20', 6),
('Onjuiste kleur', '2024-03-15', '2024-03-19', 7),
('Niet meer nodig', '2024-03-14', '2024-03-18', 8),
('Dubbele bestelling', '2024-03-13', '2024-03-17', 9);

-- Voeg extra willekeurige servicegegevens toe aan de tabel `Services`
INSERT INTO `Services` (`servicetijdstip`, `aanvraagdatum`, `servicetype`, `adresId`, `retourId`) VALUES 
('2024-01-06 10:00:00', '2024-01-05', 'Serviceaanvraag', 1, NULL),
('2024-01-20 11:30:00', '2024-01-20', 'Chataanvraag', 2, NULL),
('2024-02-23 09:45:00', '2024-02-19', 'Retouraanvraag', 3, 1),
('2024-02-09 14:20:00', '2024-02-08', 'Serviceaanvraag', 4, NULL),
('2024-03-21 13:15:00', '2024-03-17', 'Chataanvraag', 5, NULL),
('2024-03-27 10:30:00', '2024-03-26', 'Retouraanvraag', 6, 2),
('2024-04-02 12:45:00', '2024-04-01', 'Serviceaanvraag', 7, NULL),
('2024-04-14 15:20:00', '2024-04-14', 'Chataanvraag', 8, NULL),
('2024-05-15 08:10:00', '2024-05-14', 'Retouraanvraag', 9, 3);

COMMIT;